module/name	submodule/io	submodule/name	group/name	subgroup-1/name	subgroup-2/name	subgroup-3/name 	variable/name	cpp/class	cpp/function	cpp/parameter
Contain	output	Fire	Fire Size - at resource arrival time				Fire Perimeter - at resource arrival time	SIGContainAdapter	getPerimeterAtInitialAttack
Contain	output	Fire	Resources				Number of Resources Used	SIGContainAdapter	getResourcesUsed
Contain	output	Fire	Fire Size - at resource arrival time				Fire Area - at resource arrival time	SIGContainAdapter	getFireSizeAtInitialAttack
Contain	output	Fire	Containment				Contain Status	SIGContainAdapter	getContainmentStatus
Contain	output	Fire	Containment				Contained Area	SIGContainAdapter	getFinalContainmentArea
Contain	output	Fire	Containment				Time from Report	SIGContainAdapter	getFinalTimeSinceReport	timeUnits
Contain	output	Fire	Containment				Fireline Constructed	SIGContainAdapter	getFinalFireLineLength	lengthUnits
Contain	input	Fire	Fire Size at Report				Fire Size at Report	SIGContainAdapter	setReportSize	reportSize
Contain	input	Suppression	Line Construction Offset				Line Construction Offset	SIGContainAdapter	setAttackDistance	attackDistance
Contain	input	Suppression	Tactic				Tactic	SIGContainAdapter	setTactic	tactic
Contain	input	Suppression	Resources				Resource Duration	SIGContainAdapter	addResource	duration
Contain	input	Suppression	Resources				Resource Arrival Time	SIGContainAdapter	addResource	arrival
Contain	input	Suppression	Resources				Resource Name	SIGContainAdapter	addResource	description
Contain	input	Suppression	Resources				Resource Line Production Rate	SIGContainAdapter	addResource	productionRate
Contain	input	Fire	Surface Rate of Spread (maximum)				Surface Fire Rate of Spread (maximum)	SIGContainAdapter	setReportRate	reportRate
Contain	input	Fire	Length-to-Width Ratio				Length-to-Width Ratio	SIGContainAdapter	setLwRatio	lwRatio
Crown     	output 	Fire Type                           	Fire Type                        	Fire Type (required)                   	                                         	                       	Fire Type (required)                    	SIGCrown       	getFireType                                               	                                      	
Crown     	output 	Fire Type                           	Transition to Crown Fire         	Transition Ratio                       	                                         	                       	Transition Ratio                        	SIGCrown       	getCrownTransitionRatio                         	                                      	
Crown     	output 	Fire Type                           	Transition to Crown Fire         	Critical Surface Flame Length          	                                         	                       	Critical Surface Flame Length           	SIGCrown       	getCrownCriticalSurfaceFlameLength                  	                                      	
Crown     	output 	Fire Type                           	Transition to Crown Fire         	Critical Surface Rate of Spread        	                                         	                       	Critical Surface Rate of Spread         	SIGCrown       	getCrownCriticalFireSpreadRate                      	                                      	
Crown     	output 	Fire Type                           	Transition to Crown Fire         	Critical Surface Fireline Intensity    	                                         	                       	Critical Surface Fireline Intensity     	SIGCrown       	getCrownCriticalSurfaceFirelineIntensity                	                                      	
Crown     	output 	Fire Type                           	Active or Independent Crown Fire 	Active Ratio                           	                                         	                       	Active Ratio                            	SIGCrown       	getCrownFireActiveRatio                             	                                      	
Crown     	output 	Fire Type                           	Active or Independent Crown Fire 	Critical Crown Rate of Spread          	                                         	                       	Critical Crown Rate of Spread           	SIGCrown       	getCrownCriticalFireSpreadRate                      	                                      	
Crown     	output 	Fire Type                           	Fire Behavior                    	Rate of Spread                         	                                         	                       	Rate of Spread                          	SIGCrown       	getCrownFireSpreadRate                                    	                                      	
Crown     	output 	Fire Type                           	Fire Behavior                    	Flame Length                           	                                         	                       	Flame Length                            	SIGCrown       	getCrownFlameLength                                       	                                      	
Crown     	output 	Size                                	Spread Distance                  	                                       	                                         	                       	Spread Distance                         	SIGCrown       	getCrownFireSpreadDistance                                	                                      	
Crown     	output 	Size                                	Fire Area                        	                                       	                                         	                       	Fire Area                               	SIGCrown       	getCrownFireArea
Crown     	output 	Size                                	Fire Perimeter                   	                                       	                                         	                       	Fire Perimeter                          	SIGCrown       	getCrownFirePerimeter
Crown     	output 	Size                                	Length-to-Width Ratio            	                                       	                                         	                       	Length-to-Width Ratio                   	SIGCrown       	getCrownFireLengthToWidthRatio                            	                                      	
Crown     	output 	Spotting, Active Crown Fire         	Maximum Spotting Distance        	                                       	                                         	                       	Maximum Spotting Distance               	SIGCrown       	getMaxMountainousTerrainSpottingDistanceFromTorchingTrees 	                                      	
Crown     	output 	Spotting, Active Crown Fire         	Flame Height above Canopy        	                                       	                                         	                       	Flame Height above Canopy               	SIGCrown       	getFlameHeightForTorchingTrees                            	                                      	
Crown     	input  	Calculation Options                 	Calculate Crown Fire Using:      	                                       	                                         	                       	Calculate Crown Fire Using:             	SIGCrown  	setCrownFireCalculationMethod                             	CrownFireCalculationMethod            	
Crown     	input  	Fuel Moisture                       	Foliar Moisture                  	                                       	                                         	                       	Foliar Moisture                         	SIGCrown       	setMoistureFoliar                                         	moistureFoliar                        	
Crown     	input  	Canopy Fuel                         	Canopy Height                    	                                       	                                         	                       	Canopy Height                           	SIGCrown       	setCanopyHeight                                           	canopyHeight                          	
Crown     	input  	Canopy Fuel                         	Canopy Base Height               	                                       	                                         	                       	Canopy Base Height                      	SIGCrown       	setCanopyBaseHeight                                       	canopyBaseHeight                      	
Crown     	input  	Canopy Fuel                         	Canopy Bulk Density              	                                       	                                         	                       	Canopy Bulk Density                     	SIGCrown       	setCanopyBulkDensity                                      	canopyBulkDensity                     	
Crown     	input  	Weather                             	20-ft Wind Speed                 	                                       	                                         	                       	20-ft Wind Speed                        	SIGCrown       	setWindSpeed                                              	windSpeed                      	
Crown     	input  	Weather                             	Wind Adjustment Factor           	                                       	                                         	                       	Wind Adjustment Factor                  	SIGCrown       	setWindAdjustmentFactorCalculationMethod                  	windAdjustmentFactorCalculationMethod 	
Crown     	input  	Spotting                            	Canopy Fuel                      	Canopy Height                          	                                         	                       	Canopy Height                           	SIGSpot        	setTreeHeight                                             	treeHeight                            	
Crown     	input  	Spotting                            	Weather                          	20-ft Wind Speed                       	                                         	                       	20-ft Wind Speed                        	SIGSpot        	setWindSpeedAtTwentyFeet                                  	windSpeedAtTwentyFeet                 	
Crown     	input  	Spotting                            	Topography                       	Ridge-to-Valley Elevation Difference   	                                         	                       	Ridge-to-Valley Elevation Difference    	SIGSpot        	setRidgeToValleyElevation                                 	ridgeToValleyElevation                	
Crown     	input  	Spotting                            	Topography                       	Ridge-to-Valley Horizontal Distance    	                                         	                       	Ridge-to-Valley Horizontal Distance     	SIGSpot        	setRidgeToValleyDistance                                  	ridgeToValleyDistance                 	
Crown     	input  	Spotting                            	Topography                       	Spotting Source Location               	                                         	                       	Spotting Source Location                	SIGSpot        	setLocation                                               	location                              	
Crown     	input  	Spotting                            	Fire Behavior                    	Active Crown Flame Length              	                                         	                       	Active Crown Flame Length               	SIGSpot        	setFlameLength                                            	flameLength                    	
Surface   	output 	Fire Behavior                       	Surface Fire                     	Heading                                	 Heading Rate of Spread                  	                       	Heading Rate of Spread                  	SIGSurface     	getSpreadRate                                             	                                      	
Surface   	output 	Fire Behavior                       	Surface Fire                     	Heading                                	 Heading Flame Length                    	                       	Heading Flame Length                    	SIGSurface     	getFlameLength                                            	                                      	
Surface   	output 	Fire Behavior                       	Surface Fire                     	Heading                                	 Heading Spread Distance                 	                       	Heading Spread Distance                 	SIGSurface     	getSpreadDistance                                         	                                      	
Surface   	output 	Fire Behavior                       	Surface Fire                     	Heading                                	 Heading Fireline Intensity              	                       	Heading Fireline Intensity              	SIGSurface     	getFirelineIntensity                                      	                                      	
Surface   	output 	Fire Behavior                       	Surface Fire                     	Flanking                               	 Flanking Rate of Spread                 	                       	Flanking Rate of Spread                 	SIGSurface     	getFlankingSpreadRate                                     	                                      	
Surface   	output 	Fire Behavior                       	Surface Fire                     	Flanking                               	 Flanking Flame Length                   	                       	Flanking Flame Length                   	SIGSurface     	getFlankingFlameLength                                    	                                      	
Surface   	output 	Fire Behavior                       	Surface Fire                     	Flanking                               	 Flanking Spread Distance                	                       	Flanking Spread Distance                	SIGSurface     	getFlankingSpreadDistance                                 	                                      	
Surface   	output 	Fire Behavior                       	Surface Fire                     	Flanking                               	 Flanking Fireline Intensity             	                       	Flanking Fireline Intensity             	SIGSurface     	getFlankingFirelineIntensity                              	                                      	
Surface   	output 	Fire Behavior                       	Surface Fire                     	Backing                                	 Backing Rate of Spread                  	                       	Backing Rate of Spread                  	SIGSurface     	getBackingSpreadRate                                      	                                      	
Surface   	output 	Fire Behavior                       	Surface Fire                     	Backing                                	 Backing Flame Length                    	                       	Backing Flame Length                    	SIGSurface     	getBackingFlameLength                                     	                                      	
Surface   	output 	Fire Behavior                       	Surface Fire                     	Backing                                	 Backing Spread Distance                 	                       	Backing Spread Distance                 	SIGSurface     	getBackingSpreadDistance                                  	                                      	
Surface   	output 	Fire Behavior                       	Surface Fire                     	Backing                                	 Backing Fireline Intensity              	                       	Backing Fireline Intensity              	SIGSurface     	getBackingFirelineIntensity                               	                                      	
Surface   	output 	Fire Behavior                       	Surface Fire                     	Direction of Maximum Spread            	                                         	                       	Direction of Maximum Spread             	SIGSurface     	getDirectionOfMaxSpread                                   	                                      	
Surface   	output 	Fire Behavior                       	Surface Fire                     	Heat per Unit Area                     	                                         	                       	Heat per Unit Area                      	SIGSurface     	getHeatPerUnitArea                                        	                                      	
Surface   	output 	Fire Behavior                       	Surface Fire                     	Reaction Intensity                     	                                         	                       	Reaction Intensity                      	SIGSurface     	getReactionIntensity                                      	                                      	
Surface   	output 	Intermediates                       	Fuel Moisture                    	Characteristic Dead                    	                                         	                       	Characteristic Dead                     	SIGSurface     	getCharacteristicMoistureByLifeState                      	                                      	
Surface   	output 	Intermediates                       	Fuel Moisture                    	Characteristic Live                    	                                         	                       	Characteristic Live                     	SIGSurface     	getCharacteristicMoistureByLifeState                      	                                      	
Surface   	output 	Intermediates                       	Fuel Moisture                    	Live Fuel Moisture of Extinction       	                                         	                       	Live Fuel Moisture of Extinction        	SIGSurface     	getLiveFuelMoistureOfExtinction                           	                                      	
Surface   	output 	Intermediates                       	Fuel Characteristics             	Characteristic SA/V                    	                                         	                       	Characteristic SA/V                     	SIGSurface     	getCharacteristicSAVR                                     	                                      	
Surface   	output 	Intermediates                       	Fuel Characteristics             	Bulk Density                           	                                         	                       	Bulk Density                            	SIGSurface     	getBulkDensity                                            	                                      	
Surface   	output 	Intermediates                       	Fuel Characteristics             	Packing Ratio                          	                                         	                       	Packing Ratio                           	SIGSurface     	getPackingRatio                                           	                                      	
Surface   	output 	Intermediates                       	Fuel Characteristics             	Relative Packing Ratio                 	                                         	                       	Relative Packing Ratio                  	SIGSurface     	getRelativePackingRatio                                   	                                      	
Surface   	output 	Intermediates                       	Heat Source                      	Heat Source                            	                                         	                       	Heat Source                             	SIGSurface     	getHeatSource         	                                      	
Surface   	output 	Intermediates                       	Heat Source                      	Dead Fuel Reaction Intensity           	                                         	                       	Dead Fuel Reaction Intensity            	SIGSurface     	getSurfaceFireReactionIntensityForLifeState               	                                      	
Surface   	output 	Intermediates                       	Heat Source                      	Live Fuel Reaction Intensity           	                                         	                       	Live Fuel Reaction Intensity            	SIGSurface     	getSurfaceFireReactionIntensityForLifeState               	                                      	
Surface   	output 	Intermediates                       	Heat Source                      	Wind Factor                            	                                         	                       	Wind Factor                             	SIGSurface     	getWindAdjustmentFactor                                   	                                      	
Surface   	output 	Intermediates                       	Heat Source                      	Slope Factor                           	                                         	                       	Slope Factor                            	SIGSurface     	getSlopeFactor                                            	                                      	
Surface   	output 	Intermediates                       	Heat Sink                        	Heat Sink                              	                                         	                       	Heat Sink                               	SIGSurface     	getHeatSink                                               	                                      	
Surface   	output 	Intermediates                       	Heat Sink                        	Flame Residence Time                   	                                         	                       	Flame Residence Time                    	SIGSurface     	getResidenceTime                                          	                                      	
Surface   	output 	Size                                	Surface - Fire Size              	Fire Area                              	                                         	                       	Fire Area                               	SIGSurface     	getFireArea                                               	                                      	
Surface   	output 	Size                                	Surface - Fire Size              	Fire Perimeter                         	                                         	                       	Fire Perimeter                          	SIGSurface     	getFirePerimeter                                          	                                      	
Surface   	output 	Diagram                             	Fire Shape Diagram               	                                       	                                         	                       	Fire Shape Diagram                      	               	                                                          	                                      	
Surface   	output 	Special Case Fuel Models            	Western Aspen                    	Fuel Load                              	 Create output for fuel characteristics? 	                       	Create output for fuel characteristics? 	               	                                                          	                                      	
Surface   	output 	Special Case Fuel Models            	Western Aspen                    	Fuel Load                              	 1-h Fuel Load                           	                       	1-h Fuel Load                           	SIGSurface     	getAspenLoadDeadOneHour                                   	                                      	
Surface   	output 	Special Case Fuel Models            	Western Aspen                    	Fuel Load                              	 Live Woody Fuel Load                    	                       	Live Woody Fuel Load                    	SIGSurface     	getAspenLoadDeadOneHour                                   	                                      	
Surface   	output 	Special Case Fuel Models            	Western Aspen                    	Fuel Load                              	 Live Herbaceous Fuel Load               	                       	Live Herbaceous Fuel Load               	SIGSurface     	getAspenLoadLiveHerbaceous                                	                                      	
Surface   	output 	Special Case Fuel Models            	Western Aspen                    	Surface Area-to-Volume Ratio (SA/V)    	 1-h SA/V                                	                       	1-h SA/V                                	Surface        	getAspenSavrDeadOneHour                                   	                                      	
Surface   	output 	Special Case Fuel Models            	Western Aspen                    	Surface Area-to-Volume Ratio (SA/V)    	 Live Woody SA/V                         	                       	Live Woody SA/V                         	Surface        	getAspenSavrLiveWoody                                     	                                      	
Surface   	output 	Special Case Fuel Models            	Chaparral                        	Fuel Load                              	 Create output for fuel characteristics? 	                       	Create output for fuel characteristics? 	               	                                                          	                                      	
Surface   	output 	Special Case Fuel Models            	Chaparral                        	Fuel Load                              	 Total Dead Fuel Load                    	                       	Total Dead Fuel Load                    	SIGSurface     	getChaparralTotalDeadFuelLoad                             	                                      	
Surface   	output 	Special Case Fuel Models            	Chaparral                        	Fuel Load                              	 Total Live Fuel Load                    	                       	Total Live Fuel Load                    	SIGSurface     	getChaparralTotalLiveFuelLoad                             	                                      	
Surface   	output 	Special Case Fuel Models            	Chaparral                        	Dead Fuel Load                         	 Less than: 0.25 Inches                  	                       	Less than: 0.25 Inches                  	SIGSurface     	getChaparralLoadDeadLessThanQuarterInch                   	                                      	
Surface   	output 	Special Case Fuel Models            	Chaparral                        	Dead Fuel Load                         	 From 0.25 Inches to 0.50 inches         	                       	From 0.25 Inches to 0.50 inches         	SIGSurface     	getChaparralLoadDeadQuarterInchToLessThanHalfInch         	                                      	
Surface   	output 	Special Case Fuel Models            	Chaparral                        	Dead Fuel Load                         	 From 0.50 Inches to 1.0 inches          	                       	From 0.50 Inches to 1.0 inches          	SIGSurface     	getChaparralLoadDeadHalfInchToLessThanOneInch             	                                      	
Surface   	output 	Special Case Fuel Models            	Chaparral                        	Dead Fuel Load                         	 From 1.0 Inches to 3.0 inches           	                       	From 1.0 Inches to 3.0 inches           	SIGSurface     	getChaparralLoadDeadOneInchToThreeInch                    	                                      	
Surface   	output 	Special Case Fuel Models            	Chaparral                        	Live Fuel Load                         	 Leaves                                  	                       	Leaves                                  	SIGSurface     	getChaparralLoadLiveLeaves                                	                                      	
Surface   	output 	Special Case Fuel Models            	Chaparral                        	Live Fuel Load                         	 Stems less than 0.25 inches             	                       	Stems less than 0.25 inches             	SIGSurface     	getChaparralLoadLiveStemsLessThanQuaterInch               	                                      	
Surface   	output 	Special Case Fuel Models            	Chaparral                        	Live Fuel Load                         	 Stems 0.25 Inches to 0.50 inches        	                       	Stems 0.25 Inches to 0.50 inches        	SIGSurface     	getChaparralLoadLiveQuarterInchToLessThanHalfInch         	                                      	
Surface   	output 	Special Case Fuel Models            	Chaparral                        	Live Fuel Load                         	 Stems 0.5 to 1.0 inches                 	                       	Stems 0.5 to 1.0 inches                 	SIGSurface     	getChaparralLoadLiveHalfInchToLessThanOneInch             	                                      	
Surface   	output 	Special Case Fuel Models            	Chaparral                        	Live Fuel Load                         	 Stems 1.0 to 3.0 inches                 	                       	Stems 1.0 to 3.0 inches                 	SIGSurface     	getChaparralLoadLiveOneInchToThreeInch                    	                                      	
Surface   	output 	Special Case Fuel Models            	Palmetto-Galberry                	Dead Fuel Load                         	 Fine: 0 to 0.25 inches                  	                       	Fine: 0 to 0.25 inches                  	SIGSurface     	getPalmettoGallberyDeadFineFuelLoad                       	                                      	
Surface   	output 	Special Case Fuel Models            	Palmetto-Galberry                	Dead Fuel Load                         	 Medium: 0.25 to 1 inches                	                       	Medium: 0.25 to 1 inches                	SIGSurface     	getPalmettoGallberyDeadMediumFuelLoad                     	                                      	
Surface   	output 	Special Case Fuel Models            	Palmetto-Galberry                	Dead Fuel Load                         	 Foliage Fuel Load: On Stem              	                       	Foliage Fuel Load: On Stem              	SIGSurface     	getPalmettoGallberyDeadFoliageLoad                        	                                      	
Surface   	output 	Special Case Fuel Models            	Palmetto-Galberry                	Live Fuel Load                         	 Leaves                                  	                       	Leaves                                  	SIGSurface     	getPalmettoGallberyLitterLoad                             	                                      	
Surface   	output 	Special Case Fuel Models            	Palmetto-Galberry                	Live Fuel Load                         	 Fine: 0 to 0.25 inches                  	                       	Fine: 0 to 0.25 inches                  	SIGSurface     	getPalmettoGallberyLiveFineFuelLoad                       	                                      	
Surface   	output 	Special Case Fuel Models            	Palmetto-Galberry                	Live Fuel Load                         	 Medium: 0.25 to 1 inches                	                       	Medium: 0.25 to 1 inches                	SIGSurface     	getPalmettoGallberyLiveMediumFuelLoad                     	                                      	
Surface   	output 	Special Case Fuel Models            	Palmetto-Galberry                	Live Fuel Load                         	 Foliage Fuel Load : On Stem             	                       	Foliage Fuel Load : On Stem             	SIGSurface     	getPalmettoGallberyLiveFoliageLoad                        	                                      	
Surface   	output 	Special Case Fuel Models            	Palmetto-Galberry                	Fuelbed                                	 Fuelbed Depth                           	                       	Fuelbed Depth                           	double Surface 	getPalmettoGallberyFuelBedDepth                           	                                      	
Surface   	output 	Spot                                	Maximum Spotting Distance        	Torching Trees                         	                                         	                       	Torching Trees                          	double Spot    	getMaxMountainousTerrainSpottingDistanceFromTorchingTrees 	                                      	
Surface   	output 	Spot                                	Maximum Spotting Distance        	Burning Pile                           	                                         	                       	Burning Pile                            	double Spot    	getMaxMountainousTerrainSpottingDistanceFromBurningPile   	                                      	
Surface   	output 	Spot                                	Maximum Spotting Distance        	Wind-Driven Surface Fire               	                                         	                       	Wind-Driven Surface Fire                	double Spot    	getMaxMountainousTerrainSpottingDistanceFromSurfaceFire   	                                      	
Surface   	output 	Spot                                	Burning Pile                     	Firebrand Height from a Burning Pile   	                                         	                       	Firebrand Height from a Burning Pile    	SIGSpot        	getMaxFirebrandHeightFromBurningPile                      	                                      	
Surface   	input  	Directions of Surface Spread & Wind 	Direction of Interest            	                                       	                                         	                       	Direction of Interest                   	SIGSurface     	setSurfaceRunInDirectionOf                                	surfaceRunInDirectionOf               	
Surface   	input  	Directions of Surface Spread & Wind 	Surface Fire Wind & Spread       	Wind Direction                         	                                         	                       	Wind Direction                          	SIGSurface     	setWindDirection                                          	windDirection                         	
Surface   	input  	Fuel Models                         	Standard                         	Fuel Model                             	                                         	                       	Fuel Model                              	SIGSurface     	setFuelModelNumber                                        	fuelModelNumber                   	
Surface   	input  	Fuel Models                         	Special Case                     	Chaparral (Upland)                     	 Total Fuel Load is...                   	                       	Chapparal Fuel Load Method              	SIGSurface     	setChaparralFuelLoadInputMode                             	fuelLoadInputMode                     	
Surface   	input  	Fuel Models                         	Special Case                     	Chaparral (Upland)                     	 Dead Load Fraction (%)                  	                       	Dead Load Fraction (%)                  	SIGSurface     	setChaparralFuelDeadLoadFraction                          	chaparralFuelDeadLoadFraction         	
Surface   	input  	Fuel Models                         	Special Case                     	Chaparral (Upland)                     	 Calculated from fuel depth and type     	 Fuel type             	Fuel type                               	SIGSurface     	setChaparralFuelType                                      	chaparralFuelType                     	
Surface   	input  	Fuel Models                         	Special Case                     	Chaparral (Upland)                     	 Calculated from fuel depth and type     	 Fuelbed Depth (ft, m) 	Fuelbed Depth (ft, m)                   	SIGSurface     	setChaparralFuelBedDepth                                  	chaparralFuelBedDepth                 	
Surface   	input  	Fuel Models                         	Special Case                     	Chaparral (Upland)                     	 Direct Fuel Load                        	 Total Fuel Load       	Total Fuel Load                         	SIGSurface     	setChaparralTotalFuelLoad                                 	chaparralTotalFuelLoad                	
Surface   	input  	Fuel Models                         	Special Case                     	Palmetto-Gallberry                     	 Age of Rough (years)                    	                       	Age of Rough (years)                    	SIGSurface     	setAgeOfRough                                             	ageOfRough                            	
Surface   	input  	Fuel Models                         	Special Case                     	Palmetto-Gallberry                     	 Understory Height (ft, m)               	                       	Understory Height (ft, m)               	SIGSurface     	setHeightOfUnderstory                                     	heightOfUnderstory                    	
Surface   	input  	Fuel Models                         	Special Case                     	Palmetto-Gallberry                     	 Palmetto Coverage (%)                   	                       	Palmetto Coverage (%)                   	SIGSurface     	setPalmettoCoverage                                       	palmettoCoverage                      	
Surface   	input  	Fuel Models                         	Special Case                     	Palmetto-Gallberry                     	 Overstory Basal Area (ft 2 /ac, m2 /ha) 	                       	Overstory Basal Area (ft 2 /ac, m2 /ha) 	SIGSurface     	setOverstoryBasalArea                                     	overstoryBasalArea                    	
Surface   	input  	Fuel Models                         	Special Case                     	Western Aspen                          	 Surface Fuel & Understory Vegetation    	                       	Surface Fuel & Understory Vegetation    	SIGSurface     	setAspenFuelModelNumber                                   	aspenFuelModelNumber                  	
Surface   	input  	Fuel Models                         	Special Case                     	Western Aspen                          	 Multiple Fuel Models                    	                       	Multiple Fuel Models                    	SIGSurface     	setTwoFuelModelsMethod                                    	twoFuelModelsMethod                   	
Surface   	input  	Fuel Moisture                       	Moisture Input Mode              	                                       	                                         	                       	Moisture Input Mode                     	SIGSurface     	setMoistureInputMode                                      	moistureInputMode                     	
Surface   	input  	Size                                	Elapsed Time                     	                                       	                                         	                       	Elapsed Time                            	SIGSurface     	setElapsedTime                                            	elapsedTime                           	
Surface   	input  	Spot                                	Canopy Fuel                      	Downwind Canopy Height                 	                                         	                       	Downwind Canopy Height                  	SIGSpot        	setDownwindCoverHeight                                    	downwindCoverHeight                   	
Surface   	input  	Spot                                	Canopy Fuel                      	Downwind Canopy Cover                  	                                         	                       	Downwind Canopy Cover                   	SIGSpot        	setDownwindCanopyMode                                     	downwindCanopyMode                    	
Surface   	input  	Spot                                	Torching Trees                   	Torching Tree Height                   	                                         	                       	Torching Tree Height                    	SIGSpot        	setTreeHeight                                             	double treeHeight                     	
Surface   	input  	Spot                                	Torching Trees                   	Torching Tree Species                  	                                         	                       	Torching Tree Species                   	SIGSpot        	setTreeSpecies                                            	treeSpecies                           	
Surface   	input  	Spot                                	Torching Trees                   	DBH (Diameter at Breast Height)        	                                         	                       	DBH (Diameter at Breast Height)         	SIGSpot        	setDBH                                                    	DBH                            	
Surface   	input  	Spot                                	Torching Trees                   	Number of Torching Trees Numeric Value 	                                         	                       	Number of Torching Trees Numeric Value  	SIGSpot        	setTorchingTrees                                          	torchingTrees                     	
Surface   	input  	Spot                                	Topography                       	Ridge-to-Valley Elevation Difference   	                                         	                       	Ridge-to-Valley Elevation Difference    	SIGSpot        	setRidgeToValleyElevation                                 	ridgeToValleyElevation                	
Surface   	input  	Spot                                	Topography                       	Ridge-to-Valley Horizontal Distance    	                                         	                       	Ridge-to-Valley Horizontal Distance     	SIGSpot        	setRidgeToValleyDistance                                  	ridgeToValleyDistance                 	
Surface   	input  	Spot                                	Topography                       	Spott List Source Location             	                                         	                       	Spott List Source Location              	SIGSpot        	setLocation                                               	location                              	
Surface   	input  	Wind Speed                          	Wind Speed                       	                                       	                                         	                       	Wind Speed                              	SIGSurface     	setWindSpeed                                              	windSpeed                             	
Surface   	input  	Wind Speed                          	Wind Height                      	                                       	                                         	                       	Wind Height                             	SIGSurface     	setWindHeightInputMode                                    	windHeightInputMode                   	
Surface   	input  	Wind Speed                          	Wind and slope are               	                                       	                                         	                       	Wind and Slope Alignment Mode           	SIGSurface     	setWindUpslopeAlignmentMode                               	windUpslopeAlignmentMode              	
Mortality 	output 	Scorch                              	Scorch Height                    	                                       	                                         	                       	Scorch Height                           	SIGMortality   	getFlameLengthOrScorchHeightValue                         	                                      	
Mortality 	output 	Tree Mortality                      	Probability of Mortality         	                                       	                                         	                       	Probability of Mortality                	SIGMortality   	getProbabilityOfMortality                                 	                                      	
Mortality 	output 	Tree Mortality                      	Bark Thickness                   	                                       	                                         	                       	Bark Thickness                          	SIGMortality   	getBarkThickness                                          	                                      	
Mortality 	output 	Tree Mortality                      	Tree Crown Length Scorched       	                                       	                                         	                       	Tree Crown Length Scorched              	SIGMortality   	getTreeCrownLengthScorched                                	                                      	
Mortality 	output 	Tree Mortality                      	Tree Crown Volume Scorched       	                                       	                                         	                       	Tree Crown Volume Scorched              	SIGMortality   	getTreeCrownVolumeScorched                                	                                      	
Mortality 	input  	Fuel/Vegetation, Overstory          	Mortality Tree Species           	                                       	                                         	                       	Mortality Tree Species                  	SIGMortality   	setSpeciesCode                                            	speciesCode                           	
Mortality 	input  	Fuel/Vegetation, Overstory          	Canopy Height                    	                                       	                                         	                       	Canopy Height                           	SIGMortality   	setTreeHeight                                             	treeHeight                            	
Mortality 	input  	Fuel/Vegetation, Overstory          	Crown Ratio                      	                                       	                                         	                       	Crown Ratio                             	SIGMortality   	setCrownRatio                                             	crownRatio                            	
Mortality 	input  	Fuel/Vegetation, Overstory          	DBH                              	Diameter at Breast Height)             	                                         	                       	DBH (Diameter at Breast Height)         	SIGMortality   	setDBH                                                    	dbh                                   	
Mortality 	input  	Scorch                              	Fire                             	Surface Fire Flame Length              	                                         	                       	Surface Fire Flame Length               	SIGMortality   	setSurfaceFireFlameLength                                 	value                                 	
Mortality 	input  	Scorch                              	Fire                             	Scorch Height                          	                                         	                       	Scorch Height                           	SIGMortality   	setSurfaceFireFlameLength                                 	value                                 	
Mortality 	input  	Scorch                              	Fire                             	Surface Fireline Intensity             	                                         	                       	Surface Fireline Intensity              	SIGMortality   	setFirelineIntensity                                      	firelineIntensity                     	
Mortality 	input  	Scorch                              	Weather                          	Midflame Wind Speed                    	                                         	                       	Midflame Wind Speed                     	SIGMortality   	setMidFlameWindSpeed                                      	midFlameWindSpeed                     	
Mortality 	input  	Scorch                              	Weather                          	Air Temperature                        	                                         	                       	Air Temperature                         	SIGMortality   	setAirTemperature                                         	airTemperature                        	
